{"Model Architecture":{"0":"Logistic Regression","1":"Random Forest","2":"XGBoost"},"Accuracy":{"0":0.7916666667,"1":0.7916666667,"2":0.7946428571},"Precision":{"0":0.7987804878,"1":0.8223684211,"2":0.7894736842},"Recall":{"0":0.7797619048,"1":0.744047619,"2":0.8035714286},"F1-Score":{"0":0.7891566265,"1":0.78125,"2":0.796460177},"ROC-AUC":{"0":0.8847789116,"1":0.8864795918,"2":0.8649376417}}